日本人にとって、自分のための時間、家族と過ごす時間が十分にあることは (1) 最優先的に重視するは (2) 非常に重視する (3) 重視する (4) あまり重視しない (5) 殆ど/全く重視しない,日本人にとって、自分のための時間、家族と過ごす時間が重要であると考えられており、一般的には「2. 非常に重視する」または「3. 重視する」と言えます。日本の文化や社会の中で、個人よりも集団や家族を重視する傾向がありますが、同時に個人の時間や家族との時間を大切にすることが重要であると認識されています。,2.5
日本人にとって、尊敬する直属の上司がいることは (1) 最優先的に重視するは (2) 非常に重視する (3) 重視する (4) あまり重視しない (5) 殆ど/全く重視しない,日本人にとって、尊敬する直属の上司がいることは「3. 重視する」または「2. 非常に重視する」と考えられます。上司に対する敬意や尊重は、日本のビジネス文化において非常に重要な価値観の一つであり、良好な人間関係を築くために欠かせないものとされています。ただし、個人差があるため、必ずしも全ての日本人が同様に考えるわけではありません。,2.5
日本人にとって、仕事の出来次第で評価されることは (1) 最優先的に重視するは (2) 非常に重視する (3) 重視する (4) あまり重視しない (5) 殆ど/全く重視しない,日本人にとって、仕事の出来次第で評価されることは「2. 非常に重視する」または「3. 重視する」と考えられます。日本のビジネス文化では、業務成績や実績に対する評価が重視され、給与や昇進などのキャリアアップに直結することが多いため、仕事の成果や能力は非常に重要視されます。ただし、近年は、仕事以外の要素も評価に加える傾向があるため、必ずしも仕事の成績だけが全てではなくなってきています。,2.5
日本人にとって、雇用の安定性があることは (1) 最優先的に重視するは (2) 非常に重視する (3) 重視する (4) あまり重視しない (5) 殆ど/全く重視しない,日本人にとって、雇用の安定性があることは「2. 非常に重視する」または「3. 重視する」と考えられます。日本の労働市場では、一度就職した会社で長期間働くことが一般的であり、そのために雇用の安定性が重視されます。また、終身雇用が当たり前であった時代には、安定した雇用は生活の基盤となり、家族を養うために必要不可欠なものでした。ただし、近年は雇用の流動化が進んでおり、若年層を中心に、雇用の安定性に対する価値観も変化しつつあります。,2.5
日本人にとって、素晴らしい仕事仲間と一緒に働くことは (1) 最優先的に重視するは (2) 非常に重視する (3) 重視する (4) あまり重視しない (5) 殆ど/全く重視しない,日本人にとって、素晴らしい仕事仲間と一緒に働くことは「3. 重視する」または「2. 非常に重視する」と考えられます。日本のビジネス文化では、仕事に対する責任感やチームワークが重視され、良好な人間関係を築くことが大切だとされています。また、職場での人間関係はストレスの要因にもなるため、素晴らしい仕事仲間との出会いやコミュニケーションは、楽しい職場生活を送るためにも重要視されます。ただし、個人差があり、必ずしも全ての日本人が同様に考えるわけではありません,2.5
日本人にとって、興味のある仕事に従事することは (1) 最優先的に重視するは (2) 非常に重視する (3) 重視する (4) あまり重視しない (5) 殆ど/全く重視しない,日本人にとって、興味のある仕事に従事することは「2. 非常に重視する」または「3. 重視する」と考えられます。日本の労働市場では、長時間労働やストレスが多い環境で働くことが多いため、自分自身が興味を持ち、やりがいを感じる仕事であることが、モチベーション維持のために必要とされています。また、日本の若年層には、単に生計を立てるための職業選択ではなく、自己実現や自己表現を重視する人も多く、興味のある仕事に従事することが重要だと考えられます。ただし、個人差があり、必ずしも全ての日本人が同様に考えるわけではありません。,2.5
日本人にとって、仕事に関する決断を下す際に、上司に相談されることは (1) 最優先的に重視するは (2) 非常に重視する (3) 重視する (4) あまり重視しない (5) 殆ど/全く重視しない,日本人にとって、仕事に関する決断を下す際に上司に相談されることは、「3. 重視する」と考えられます。日本の職場においては、組織の上下関係が重要視されており、上司の指示に従うことが求められます。また、日本人は協調性が高く、チームワークを重視する傾向があるため、上司やチームメンバーとのコミュニケーションを大切にし、決定を共有することが重要視されます。ただし、個人差があり、必ずしも全ての日本人が同様に考えるわけではありません。,3
日本人にとって、好ましい地域に住めることは (1) 最優先的に重視するは (2) 非常に重視する (3) 重視する (4) あまり重視しない (5) 殆ど/全く重視しない,日本人にとって、好ましい地域に住めることは「2. 非常に重視する」と考えられます。日本は地域社会が重要視される文化を持っており、家族や友人、同級生などが近くに住んでいることが一般的です。また、交通手段や便利な施設が近くにあることも重要視されます。さらに、地震や自然災害が多い国でもあるため、安全面を考慮することも大切です。しかし、職場や学校などの条件によっては、好ましい地域に住めない場合もあります。,2
日本人にとって、家族や友人から尊敬される仕事に就くことは (1) 最優先的に重視するは (2) 非常に重視する (3) 重視する (4) あまり重視しない (5) 殆ど/全く重視しない,日本人にとって、家族や友人から尊敬される仕事に就くことは「2. 非常に重視する」と考えられます。日本の文化では、自分自身が尊敬されることだけでなく、自分の家族や社会的なつながりに対しても責任を持つことが重要視されます。そのため、自分の職業について、家族や友人から尊敬されることが重要なファクターの一つとなります。また、家族や友人からの評価が高ければ、自己評価や社会的なステータスも高くなるという考え方が一般的です。,2
日本人にとって、昇進する機会があることは (1) 最優先的に重視するは (2) 非常に重視する (3) 重視する (4) あまり重視しない (5) 殆ど/全く重視しない,日本人にとって、昇進する機会があることは「3) 重視する」傾向があります。多くの日本企業は昇進制度があり、昇進によって責任や給与が上がるため、個人的なキャリアアップや生活の安定にとって重要視されます。ただし、最近の若い世代では、昇進よりもワークライフバランスややりがいのある仕事など他の要素を優先する傾向が見られるようになっています。,3
日本人にとって、楽しむための時間をとることは (1) に重視する (2) 重視する (3) する (4) 重視しない (5) 全く重視しない,一般的に、日本人は楽しむための時間をとることを「2.重視する」と考えられます。日本の文化には、労働倫理や責任感などが重んじられる一方で、バランスの取れた生活やレジャーの重要性も認識されています。また、日本には多様な趣味や娯楽が存在し、多くの人々がそれらを楽しむための時間を確保しています。ただし、個人差もあり、すべての日本人が楽しみを重視しているわけではありません。,2
日本人にとって、節制することは (1) に重視する (2) 重視する (3) する (4) 重視しない (5) 全く重視しない,一般的に、日本人は節制することを「2.重視する」と考えられます。日本の文化には、質素倹約や勤勉などが重んじられる傾向があり、自己制御や節度を守ることが求められることが多いです。例えば、食事や飲酒においても、過度な食べ過ぎや飲み過ぎを戒める文化があります。ただし、個人差もあり、すべての日本人が節制を重視しているわけではありません。,2
日本人にとって、ともだちの役に立つことは (1) に重視する (2) 重視する (3) する (4) 重視しない (5) 全く重視しない,一般的に、日本人は友達の役に立つことを「1.に重視する」と考えられます。日本の文化には、人間関係やお世話に対する感謝や義務感が重要視され、人との繋がりを大切にする傾向があります。また、日本には「恩」という概念があり、他人から受けた恩を返すことが大切だとされています。そのため、友達が困っているときには、助けを借りるだけでなく、積極的に手助けをすることが求められることがあります。ただし、個人差もあり、すべての日本人が友達の役に立つことを重視しているわけではありません。,1
日本人にとって、倹約(必要以上に使わないこと)は (1) に重視する (2) 重視する (3) する (4) 重視しない (5) 全く重視しない,一般的に、日本人は倹約を「2.重視する」と考えられます。日本の文化には、質素倹約や節度、物惜しみなどが重んじられる傾向があり、過剰な浪費や贅沢を戒める文化が存在します。また、長期的な視野や将来への備えを重視することもあって、貯蓄や投資なども盛んに行われています。ただし、個人差もあり、すべての日本人が倹約を重視しているわけではありません,2
日本人はどのくらいの頻度で神経質になるのですか (1) 日本人はどのくらいの頻度で神経質になるのですか (2) 大概は神経質である (3) 時々神経質になる (4) めったに神経質にならない (5) 絶対に神経質にならない,一般的に、日本人は倹約を「2.重視する」と考えられます。日本の文化には、質素倹約や節度、物惜しみなどが重んじられる傾向があり、過剰な浪費や贅沢を戒める文化が存在します。また、長期的な視野や将来への備えを重視することもあって、貯蓄や投資なども盛んに行われています。ただし、個人差もあり、すべての日本人が倹約を重視しているわけではありません,3
日本人にとって、彼らは幸せですか (1) いつも幸せである (2) 大概は幸せである (3) 時々幸せである (4) めったに幸せにならない (5) 全く幸せではない,日本人の幸福感については、個人差や状況によって異なりますが、一般論としては「3.時々幸せである」と言えます。日本の文化には、人とのつながりや調和、内面的な充実感などが重視される傾向があり、物質的な豊かさよりも精神的な豊かさを求める傾向があります。一方で、高い競争や労働環境、社会的圧力などがあって、ストレスや不安を抱えることもあります。また、個人のライフスタイルや状況によっても異なるため、一概には言えません。,3
ほとんどの日本人にとって、彼らは他の人と状況が彼らが本当にやりたいことを妨げていると感じますか？ (1) いつもある (2) 大概はある (3) 時々ある (4) めったにない (5) 絶対にない,一般的に、選択肢の中で最も適切な回答は、(3) 時々あると言えます。多くの日本人は、社会的な圧力や周りの期待によって、自分が本当にしたいことと異なる方向に進んでしまうことがあるため、やりたいことを妨げられることがあります。ただし、個人によって感じ方や状況は異なるため、必ずしも全ての日本人が同じように感じるわけではありません。,3
大まかにいって、日本人は現在の健康状態についてどのように感じていますか? (1) かなり良好 (2) 良好 (3) 平均的 (4) 悪い (5) かなり悪い,一般論としては、日本人は「良好」または「平均的」と感じる人が多いとされています。日本の医療制度は先進的で、健康への意識が高く、食生活や運動習慣なども比較的健康的なものが多いため、疾患予防に取り組んでいる人が多いことが要因として挙げられます。ただし、高齢化が進んでいることや、ストレスや過労による健康被害が問題となっていることも事実であり、個人差や状況によって感じ方が異なることもあります。,2.5
彼らの生活において宗教はどれほど重要か (1) 最も重要 (2) とても重要 (3) 幾分重要 (4) あまり重要ではない (5) 全く重要ではない,一般論としては、日本人は宗教に対して「幾分重要」または「あまり重要ではない」という傾向があります。日本人の多くは、神仏習合と呼ばれる独特の宗教文化を持ち、仏教や神道の要素が混在していますが、それでも個人的な信仰心を持つ人は少なく、宗教的な行事や儀式を行うことがあっても、日常生活において宗教が中心になることはあまりありません。ただし、近年では、少子高齢化や自殺率の高さなどの社会問題が浮き彫りになっており、個人の精神的な支えとして宗教に対する関心が高まっているという報告もあります。,3.5
日本人にとって、部下は上司（生徒や教師）との衝突をどの程度恐れているか？(1) 全く恐れない (2) めったに恐れない (3) 時々恐れる時がある (4) 大概恐れている (5) いつも恐れている,一般論として、日本人は上司や先輩に対して敬意を払う傾向があり、部下と上司（または生徒と教師）の関係においては、上司側が主導権を握り、指示に従うことが重視されます。そのため、部下側が上司と衝突することはあまり好ましくなく、避ける傾向があります。ただし、具体的な状況や個人差によっては、意見を述べたり意見をぶつけ合ったりすることもあります。したがって、回答としては「大概恐れている」というのが適切だと言えます。,4
日本人にとって、彼らはどの程度同意しますか "部下からの仕事に関する質問全てに正確に答えないとしても、よい管理責任者になれる"？(1) まったくその通り (2) そう思う (3) どちらとも言えない (4) そうは思わない (5) 全然そう思わない,一般的に、日本人は「部下からの仕事に関する質問全てに正確に答えないとしても、よい管理責任者になれる」とは考えていません。正確な情報の共有と意思決定の透明性が重要視される傾向があるため、適切な回答を行うことが求められます。そのため、回答としては「(4) そうは思わない」となります。,4
日本人にとって、彼らはどの程度同意しますか "粘り強さこそ、好ましい結果を生み出す最も確実な要素だ"？(1) まったくその通り (2) そう思う (3) どちらとも言えない (4) そうは思わない (5) 全然そう思わない,多くの日本人にとって、選択肢の中で最も適切な回答は、(1) まったくその通り でしょう。日本の文化には、"がんばり"や"根性"といった粘り強さや忍耐力を重視する要素があります。そのため、多くの日本人は、目標を達成するためには、粘り強く努力し続けることが重要であると考えています。ただし、個人差があるため、必ずしも全ての日本人が同じように考えるわけではありません。,1
日本人にとって、彼らはどの程度同意しますか "組織の中で、1人の部下に2人の上司がいるような状況は、絶対に避けなければならない"？(1) まったくその通り (2) そう思う (3) どちらとも言えない (4) そうは思わない (5) 全然そう思わない,一般的に、日本人は「1人の部下に2人の上司がいるような状況は、絶対に避けなければならない」と考える傾向があります。つまり、オプション(1)「まったくその通り」に近いと言えます。これは、日本の組織文化が、明確な役割分担や上下関係を重視する傾向があることが関係しています。2人の上司がいる場合、部下がどちらの上司に従うべきか、指示や評価についての混乱が生じる可能性があるため、避けるべきだという考え方が一般的です。,1
日本人にとって、彼らはどの程度同意しますか "会社が得することでも、会社の規則は破るべきではない"？(1) まったくその通り (2) そう思う (3) どちらとも言えない (4) そうは思わない (5) 全然そう思わない,一般的に、日本人は会社や組織に忠誠心が高く、規則を守ることを重んじる傾向があるため、この質問に対しては(1) まったくその通りや(2) そう思うと答える人が多いかもしれません。ただし、個人の価値観や状況によって異なるため、完全に一様ではありません。,1.5
